sample_id,probe,target_field,subset,ground_truth,logp_0,logp_1,p_0,p_1,candidate_loglik_0,candidate_loglik_1,p_correct,prediction,correct,cue_styles,model_name,seed,empty_mode,scoring_mode,control
A_0004,A,STEP1,EMPTY,0,-0.4740769863128662,-0.9740769863128662,0.622459352016449,0.3775406777858734,-0.48037615418434143,-0.980376124382019,0.622459352016449,0,1,"{""A"": ""position"", ""B"": ""color"", ""C"": ""size"", ""D"": ""orientation""}",/mnt/tidalfs-hssh01/dataset/xiang/models/Qwen2.5-VL-7B-Instruct,42,text_only,next_token,text_only_logic
A_0004,A,STEP2,EMPTY,1,-1.1368709802627563,-0.38687101006507874,0.3208213150501251,0.6791786551475525,-1.1455833911895752,-0.3955834209918976,0.6791786551475525,1,1,"{""A"": ""position"", ""B"": ""color"", ""C"": ""size"", ""D"": ""orientation""}",/mnt/tidalfs-hssh01/dataset/xiang/models/Qwen2.5-VL-7B-Instruct,42,text_only,next_token,text_only_logic
A_0004,A,FINAL,EMPTY,1,-0.7575989961624146,-0.6325989961624146,0.4687906503677368,0.531209409236908,-0.7814317345619202,-0.6564317345619202,0.531209409236908,1,1,"{""A"": ""position"", ""B"": ""color"", ""C"": ""size"", ""D"": ""orientation""}",/mnt/tidalfs-hssh01/dataset/xiang/models/Qwen2.5-VL-7B-Instruct,42,text_only,next_token,text_only_logic
A_0004,A,A,A,1,-0.6325989961624146,-0.7575989961624146,0.531209409236908,0.4687906503677368,-0.6328067779541016,-0.7578067779541016,0.4687906503677368,0,0,"{""A"": ""position"", ""B"": ""color"", ""C"": ""size"", ""D"": ""orientation""}",/mnt/tidalfs-hssh01/dataset/xiang/models/Qwen2.5-VL-7B-Instruct,42,not_empty,next_token,single_cue
A_0004,A,B,B,1,-1.9102240800857544,-0.1602240949869156,0.14804720878601074,0.851952850818634,-1.9103310108184814,-0.16033104062080383,0.851952850818634,1,1,"{""A"": ""position"", ""B"": ""color"", ""C"": ""size"", ""D"": ""orientation""}",/mnt/tidalfs-hssh01/dataset/xiang/models/Qwen2.5-VL-7B-Instruct,42,not_empty,next_token,single_cue
A_0004,A,C,C,1,-0.6931471824645996,-0.6931471824645996,0.5,0.5,-0.6932709217071533,-0.6932709217071533,0.5,0,0,"{""A"": ""position"", ""B"": ""color"", ""C"": ""size"", ""D"": ""orientation""}",/mnt/tidalfs-hssh01/dataset/xiang/models/Qwen2.5-VL-7B-Instruct,42,not_empty,next_token,single_cue
A_0004,A,D,D,0,-0.42870065569877625,-1.0537006855010986,0.6513548493385315,0.3486451208591461,-0.42882922291755676,-1.0538291931152344,0.6513548493385315,0,1,"{""A"": ""position"", ""B"": ""color"", ""C"": ""size"", ""D"": ""orientation""}",/mnt/tidalfs-hssh01/dataset/xiang/models/Qwen2.5-VL-7B-Instruct,42,not_empty,next_token,single_cue
A_0012,A,STEP1,EMPTY,1,-0.7575989961624146,-0.6325989961624146,0.4687906503677368,0.531209409236908,-0.7652140259742737,-0.6402140259742737,0.531209409236908,1,1,"{""A"": ""position"", ""B"": ""color"", ""C"": ""size"", ""D"": ""orientation""}",/mnt/tidalfs-hssh01/dataset/xiang/models/Qwen2.5-VL-7B-Instruct,42,text_only,next_token,text_only_logic
A_0012,A,STEP2,EMPTY,0,-0.42870065569877625,-1.0537006855010986,0.6513548493385315,0.3486451208591461,-0.4379841387271881,-1.0629841089248657,0.6513548493385315,0,1,"{""A"": ""position"", ""B"": ""color"", ""C"": ""size"", ""D"": ""orientation""}",/mnt/tidalfs-hssh01/dataset/xiang/models/Qwen2.5-VL-7B-Instruct,42,text_only,next_token,text_only_logic
A_0012,A,FINAL,EMPTY,1,-0.6931471824645996,-0.6931471824645996,0.5,0.5,-0.7257428169250488,-0.7257428169250488,0.5,0,0,"{""A"": ""position"", ""B"": ""color"", ""C"": ""size"", ""D"": ""orientation""}",/mnt/tidalfs-hssh01/dataset/xiang/models/Qwen2.5-VL-7B-Instruct,42,text_only,next_token,text_only_logic
A_0012,A,A,A,0,-0.3484445810317993,-1.2234444618225098,0.7057850360870361,0.29421502351760864,-0.3486533761024475,-1.2236533164978027,0.7057850360870361,0,1,"{""A"": ""position"", ""B"": ""color"", ""C"": ""size"", ""D"": ""orientation""}",/mnt/tidalfs-hssh01/dataset/xiang/models/Qwen2.5-VL-7B-Instruct,42,not_empty,next_token,single_cue
A_0012,A,B,B,1,-1.9102240800857544,-0.1602240949869156,0.14804720878601074,0.851952850818634,-1.9103310108184814,-0.16033104062080383,0.851952850818634,1,1,"{""A"": ""position"", ""B"": ""color"", ""C"": ""size"", ""D"": ""orientation""}",/mnt/tidalfs-hssh01/dataset/xiang/models/Qwen2.5-VL-7B-Instruct,42,not_empty,next_token,single_cue
A_0012,A,C,C,0,-0.22541262209415436,-1.6004126071929932,0.7981867790222168,0.2018132209777832,-0.22556979954242706,-1.6005698442459106,0.7981867790222168,0,1,"{""A"": ""position"", ""B"": ""color"", ""C"": ""size"", ""D"": ""orientation""}",/mnt/tidalfs-hssh01/dataset/xiang/models/Qwen2.5-VL-7B-Instruct,42,not_empty,next_token,single_cue
A_0012,A,D,D,0,-0.42870065569877625,-1.0537006855010986,0.6513548493385315,0.3486451208591461,-0.42882922291755676,-1.0538291931152344,0.6513548493385315,0,1,"{""A"": ""position"", ""B"": ""color"", ""C"": ""size"", ""D"": ""orientation""}",/mnt/tidalfs-hssh01/dataset/xiang/models/Qwen2.5-VL-7B-Instruct,42,not_empty,next_token,single_cue
A_0020,A,STEP1,EMPTY,0,-0.11282224208116531,-2.2378222942352295,0.893309473991394,0.10669059306383133,-0.11744718253612518,-2.2424471378326416,0.893309473991394,0,1,"{""A"": ""color"", ""B"": ""size"", ""C"": ""orientation"", ""D"": ""position""}",/mnt/tidalfs-hssh01/dataset/xiang/models/Qwen2.5-VL-7B-Instruct,42,text_only,next_token,text_only_logic
A_0020,A,STEP2,EMPTY,1,-0.8981232643127441,-0.5231232643127441,0.4073334038257599,0.5926665663719177,-0.9063262343406677,-0.5313262343406677,0.5926665663719177,1,1,"{""A"": ""color"", ""B"": ""size"", ""C"": ""orientation"", ""D"": ""position""}",/mnt/tidalfs-hssh01/dataset/xiang/models/Qwen2.5-VL-7B-Instruct,42,text_only,next_token,text_only_logic
A_0020,A,FINAL,EMPTY,1,-0.575939416885376,-0.825939416885376,0.562176525592804,0.43782350420951843,-0.6113868355751038,-0.8613868355751038,0.43782350420951843,0,0,"{""A"": ""color"", ""B"": ""size"", ""C"": ""orientation"", ""D"": ""position""}",/mnt/tidalfs-hssh01/dataset/xiang/models/Qwen2.5-VL-7B-Instruct,42,text_only,next_token,text_only_logic
A_0020,A,A,A,0,-0.6325989961624146,-0.7575989961624146,0.531209409236908,0.4687906503677368,-0.6326763033866882,-0.7576763033866882,0.531209409236908,0,1,"{""A"": ""color"", ""B"": ""size"", ""C"": ""orientation"", ""D"": ""position""}",/mnt/tidalfs-hssh01/dataset/xiang/models/Qwen2.5-VL-7B-Instruct,42,not_empty,next_token,single_cue
A_0020,A,B,B,0,-0.42870065569877625,-1.0537006855010986,0.6513548493385315,0.3486451208591461,-0.4288603663444519,-1.0538604259490967,0.6513548493385315,0,1,"{""A"": ""color"", ""B"": ""size"", ""C"": ""orientation"", ""D"": ""position""}",/mnt/tidalfs-hssh01/dataset/xiang/models/Qwen2.5-VL-7B-Instruct,42,not_empty,next_token,single_cue
A_0020,A,C,C,1,-2.6949362754821777,-0.06993623077869415,0.06754668802022934,0.9324532747268677,-2.694995164871216,-0.06999525427818298,0.9324532747268677,1,1,"{""A"": ""color"", ""B"": ""size"", ""C"": ""orientation"", ""D"": ""position""}",/mnt/tidalfs-hssh01/dataset/xiang/models/Qwen2.5-VL-7B-Instruct,42,not_empty,next_token,single_cue
A_0020,A,D,D,0,-0.575939416885376,-0.825939416885376,0.562176525592804,0.43782350420951843,-0.5761479735374451,-0.8261479735374451,0.562176525592804,0,1,"{""A"": ""color"", ""B"": ""size"", ""C"": ""orientation"", ""D"": ""position""}",/mnt/tidalfs-hssh01/dataset/xiang/models/Qwen2.5-VL-7B-Instruct,42,not_empty,next_token,single_cue
A_0028,A,STEP1,EMPTY,0,-0.02630021423101425,-3.6513001918792725,0.9740425944328308,0.02595735713839531,-0.028325876221060753,-3.6533257961273193,0.9740425944328308,0,1,"{""A"": ""color"", ""B"": ""size"", ""C"": ""orientation"", ""D"": ""position""}",/mnt/tidalfs-hssh01/dataset/xiang/models/Qwen2.5-VL-7B-Instruct,42,text_only,next_token,text_only_logic
A_0028,A,STEP2,EMPTY,0,-0.042999111115932465,-3.167999029159546,0.957912266254425,0.04208773374557495,-0.045304615050554276,-3.170304536819458,0.957912266254425,0,1,"{""A"": ""color"", ""B"": ""size"", ""C"": ""orientation"", ""D"": ""position""}",/mnt/tidalfs-hssh01/dataset/xiang/models/Qwen2.5-VL-7B-Instruct,42,text_only,next_token,text_only_logic
A_0028,A,FINAL,EMPTY,0,-0.03804141283035278,-3.288041353225708,0.9626731276512146,0.037326887249946594,-0.046220868825912476,-3.2962207794189453,0.9626731276512146,0,1,"{""A"": ""color"", ""B"": ""size"", ""C"": ""orientation"", ""D"": ""position""}",/mnt/tidalfs-hssh01/dataset/xiang/models/Qwen2.5-VL-7B-Instruct,42,text_only,next_token,text_only_logic
A_0028,A,A,A,0,-0.6325989961624146,-0.7575989961624146,0.531209409236908,0.4687906503677368,-0.6326763033866882,-0.7576763033866882,0.531209409236908,0,1,"{""A"": ""color"", ""B"": ""size"", ""C"": ""orientation"", ""D"": ""position""}",/mnt/tidalfs-hssh01/dataset/xiang/models/Qwen2.5-VL-7B-Instruct,42,not_empty,next_token,single_cue
A_0028,A,B,B,0,-0.42870065569877625,-1.0537006855010986,0.6513548493385315,0.3486451208591461,-0.4288603663444519,-1.0538604259490967,0.6513548493385315,0,1,"{""A"": ""color"", ""B"": ""size"", ""C"": ""orientation"", ""D"": ""position""}",/mnt/tidalfs-hssh01/dataset/xiang/models/Qwen2.5-VL-7B-Instruct,42,not_empty,next_token,single_cue
A_0028,A,C,C,0,-0.38687101006507874,-1.1368709802627563,0.6791786551475525,0.3208213150501251,-0.38709476590156555,-1.1370947360992432,0.6791786551475525,0,1,"{""A"": ""color"", ""B"": ""size"", ""C"": ""orientation"", ""D"": ""position""}",/mnt/tidalfs-hssh01/dataset/xiang/models/Qwen2.5-VL-7B-Instruct,42,not_empty,next_token,single_cue
A_0028,A,D,D,0,-0.575939416885376,-0.825939416885376,0.562176525592804,0.43782350420951843,-0.5761479735374451,-0.8261479735374451,0.562176525592804,0,1,"{""A"": ""color"", ""B"": ""size"", ""C"": ""orientation"", ""D"": ""position""}",/mnt/tidalfs-hssh01/dataset/xiang/models/Qwen2.5-VL-7B-Instruct,42,not_empty,next_token,single_cue
A_0036,A,STEP1,EMPTY,0,-0.4740769863128662,-0.9740769863128662,0.622459352016449,0.3775406777858734,-0.48037615418434143,-0.980376124382019,0.622459352016449,0,1,"{""A"": ""size"", ""B"": ""orientation"", ""C"": ""position"", ""D"": ""color""}",/mnt/tidalfs-hssh01/dataset/xiang/models/Qwen2.5-VL-7B-Instruct,42,text_only,next_token,text_only_logic
A_0036,A,STEP2,EMPTY,1,-1.1368709802627563,-0.38687101006507874,0.3208213150501251,0.6791786551475525,-1.1455833911895752,-0.3955834209918976,0.6791786551475525,1,1,"{""A"": ""size"", ""B"": ""orientation"", ""C"": ""position"", ""D"": ""color""}",/mnt/tidalfs-hssh01/dataset/xiang/models/Qwen2.5-VL-7B-Instruct,42,text_only,next_token,text_only_logic
A_0036,A,FINAL,EMPTY,1,-0.7575989961624146,-0.6325989961624146,0.4687906503677368,0.531209409236908,-0.7814317345619202,-0.6564317345619202,0.531209409236908,1,1,"{""A"": ""size"", ""B"": ""orientation"", ""C"": ""position"", ""D"": ""color""}",/mnt/tidalfs-hssh01/dataset/xiang/models/Qwen2.5-VL-7B-Instruct,42,text_only,next_token,text_only_logic
A_0036,A,A,A,1,-1.6004126071929932,-0.22541262209415436,0.2018132209777832,0.7981867790222168,-1.6004619598388672,-0.2254619151353836,0.7981867790222168,1,1,"{""A"": ""size"", ""B"": ""orientation"", ""C"": ""position"", ""D"": ""color""}",/mnt/tidalfs-hssh01/dataset/xiang/models/Qwen2.5-VL-7B-Instruct,42,not_empty,next_token,single_cue
A_0036,A,B,B,1,-3.0485873222351074,-0.04858732968568802,0.047425877302885056,0.9525741338729858,-3.048651933670044,-0.04865182563662529,0.9525741338729858,1,1,"{""A"": ""size"", ""B"": ""orientation"", ""C"": ""position"", ""D"": ""color""}",/mnt/tidalfs-hssh01/dataset/xiang/models/Qwen2.5-VL-7B-Instruct,42,not_empty,next_token,single_cue
A_0036,A,C,C,1,-1.2234445810317993,-0.3484445810317993,0.29421499371528625,0.7057850360870361,-1.2236754894256592,-0.3486754894256592,0.7057850360870361,1,1,"{""A"": ""size"", ""B"": ""orientation"", ""C"": ""position"", ""D"": ""color""}",/mnt/tidalfs-hssh01/dataset/xiang/models/Qwen2.5-VL-7B-Instruct,42,not_empty,next_token,single_cue
A_0036,A,D,D,0,-0.575939416885376,-0.825939416885376,0.562176525592804,0.43782350420951843,-0.5760619044303894,-0.8260619044303894,0.562176525592804,0,1,"{""A"": ""size"", ""B"": ""orientation"", ""C"": ""position"", ""D"": ""color""}",/mnt/tidalfs-hssh01/dataset/xiang/models/Qwen2.5-VL-7B-Instruct,42,not_empty,next_token,single_cue
A_0044,A,STEP1,EMPTY,0,-0.06993623077869415,-2.6949362754821777,0.9324532747268677,0.06754668802022934,-0.07374952733516693,-2.698749542236328,0.9324532747268677,0,1,"{""A"": ""size"", ""B"": ""orientation"", ""C"": ""position"", ""D"": ""color""}",/mnt/tidalfs-hssh01/dataset/xiang/models/Qwen2.5-VL-7B-Instruct,42,text_only,next_token,text_only_logic
A_0044,A,STEP2,EMPTY,0,-0.825939416885376,-0.575939416885376,0.43782350420951843,0.562176525592804,-0.8350270986557007,-0.5850270986557007,0.43782350420951843,1,0,"{""A"": ""size"", ""B"": ""orientation"", ""C"": ""position"", ""D"": ""color""}",/mnt/tidalfs-hssh01/dataset/xiang/models/Qwen2.5-VL-7B-Instruct,42,text_only,next_token,text_only_logic
A_0044,A,FINAL,EMPTY,0,-0.22541262209415436,-1.6004126071929932,0.7981867790222168,0.2018132209777832,-0.23959314823150635,-1.6145931482315063,0.7981867790222168,0,1,"{""A"": ""size"", ""B"": ""orientation"", ""C"": ""position"", ""D"": ""color""}",/mnt/tidalfs-hssh01/dataset/xiang/models/Qwen2.5-VL-7B-Instruct,42,text_only,next_token,text_only_logic
A_0044,A,A,A,0,-0.4740769863128662,-0.9740769863128662,0.622459352016449,0.3775406777858734,-0.47417017817497253,-0.9741702079772949,0.622459352016449,0,1,"{""A"": ""size"", ""B"": ""orientation"", ""C"": ""position"", ""D"": ""color""}",/mnt/tidalfs-hssh01/dataset/xiang/models/Qwen2.5-VL-7B-Instruct,42,not_empty,next_token,single_cue
A_0044,A,B,B,0,-0.5231232643127441,-0.8981232643127441,0.5926665663719177,0.4073334038257599,-0.5233591198921204,-0.8983591198921204,0.5926665663719177,0,1,"{""A"": ""size"", ""B"": ""orientation"", ""C"": ""position"", ""D"": ""color""}",/mnt/tidalfs-hssh01/dataset/xiang/models/Qwen2.5-VL-7B-Instruct,42,not_empty,next_token,single_cue
A_0044,A,C,C,1,-1.2234445810317993,-0.3484445810317993,0.29421499371528625,0.7057850360870361,-1.2236754894256592,-0.3486754894256592,0.7057850360870361,1,1,"{""A"": ""size"", ""B"": ""orientation"", ""C"": ""position"", ""D"": ""color""}",/mnt/tidalfs-hssh01/dataset/xiang/models/Qwen2.5-VL-7B-Instruct,42,not_empty,next_token,single_cue
A_0044,A,D,D,1,-1.5019290447235107,-0.25192904472351074,0.22270016372203827,0.7772998809814453,-1.502044916152954,-0.2520448565483093,0.7772998809814453,1,1,"{""A"": ""size"", ""B"": ""orientation"", ""C"": ""position"", ""D"": ""color""}",/mnt/tidalfs-hssh01/dataset/xiang/models/Qwen2.5-VL-7B-Instruct,42,not_empty,next_token,single_cue
A_0052,A,STEP1,EMPTY,0,-0.3132617473602295,-1.3132617473602295,0.7310584783554077,0.26894140243530273,-0.3188847005367279,-1.3188847303390503,0.7310584783554077,0,1,"{""A"": ""orientation"", ""B"": ""position"", ""C"": ""color"", ""D"": ""size""}",/mnt/tidalfs-hssh01/dataset/xiang/models/Qwen2.5-VL-7B-Instruct,42,text_only,next_token,text_only_logic
A_0052,A,STEP2,EMPTY,1,-0.575939416885376,-0.825939416885376,0.562176525592804,0.43782350420951843,-0.5893809199333191,-0.8393809199333191,0.43782350420951843,0,0,"{""A"": ""orientation"", ""B"": ""position"", ""C"": ""color"", ""D"": ""size""}",/mnt/tidalfs-hssh01/dataset/xiang/models/Qwen2.5-VL-7B-Instruct,42,text_only,next_token,text_only_logic
A_0052,A,FINAL,EMPTY,1,-0.5231232643127441,-0.8981232643127441,0.5926665663719177,0.4073334038257599,-0.5641794204711914,-0.9391794204711914,0.4073334038257599,0,0,"{""A"": ""orientation"", ""B"": ""position"", ""C"": ""color"", ""D"": ""size""}",/mnt/tidalfs-hssh01/dataset/xiang/models/Qwen2.5-VL-7B-Instruct,42,text_only,next_token,text_only_logic
A_0052,A,A,A,1,-2.578889846801758,-0.07888974994421005,0.07585817575454712,0.9241418242454529,-2.5789244174957275,-0.07892444729804993,0.9241418242454529,1,1,"{""A"": ""orientation"", ""B"": ""position"", ""C"": ""color"", ""D"": ""size""}",/mnt/tidalfs-hssh01/dataset/xiang/models/Qwen2.5-VL-7B-Instruct,42,not_empty,next_token,single_cue
A_0052,A,B,B,1,-0.9740769863128662,-0.4740769863128662,0.3775406777858734,0.622459352016449,-0.9742816686630249,-0.4742816984653473,0.622459352016449,1,1,"{""A"": ""orientation"", ""B"": ""position"", ""C"": ""color"", ""D"": ""size""}",/mnt/tidalfs-hssh01/dataset/xiang/models/Qwen2.5-VL-7B-Instruct,42,not_empty,next_token,single_cue
A_0052,A,C,C,0,-0.6325989961624146,-0.7575989961624146,0.531209409236908,0.4687906503677368,-0.632747232913971,-0.757747232913971,0.531209409236908,0,1,"{""A"": ""orientation"", ""B"": ""position"", ""C"": ""color"", ""D"": ""size""}",/mnt/tidalfs-hssh01/dataset/xiang/models/Qwen2.5-VL-7B-Instruct,42,not_empty,next_token,single_cue
A_0052,A,D,D,1,-1.0537006855010986,-0.42870065569877625,0.3486451208591461,0.6513548493385315,-1.0537971258163452,-0.4287971556186676,0.6513548493385315,1,1,"{""A"": ""orientation"", ""B"": ""position"", ""C"": ""color"", ""D"": ""size""}",/mnt/tidalfs-hssh01/dataset/xiang/models/Qwen2.5-VL-7B-Instruct,42,not_empty,next_token,single_cue
A_0060,A,STEP1,EMPTY,0,-0.07888974994421005,-2.578889846801758,0.9241418242454529,0.07585817575454712,-0.08186794817447662,-2.5818679332733154,0.9241418242454529,0,1,"{""A"": ""orientation"", ""B"": ""position"", ""C"": ""color"", ""D"": ""size""}",/mnt/tidalfs-hssh01/dataset/xiang/models/Qwen2.5-VL-7B-Instruct,42,text_only,next_token,text_only_logic
A_0060,A,STEP2,EMPTY,1,-0.7575989961624146,-0.6325989961624146,0.4687906503677368,0.531209409236908,-0.7653571963310242,-0.6403571963310242,0.531209409236908,1,1,"{""A"": ""orientation"", ""B"": ""position"", ""C"": ""color"", ""D"": ""size""}",/mnt/tidalfs-hssh01/dataset/xiang/models/Qwen2.5-VL-7B-Instruct,42,text_only,next_token,text_only_logic
A_0060,A,FINAL,EMPTY,1,-0.5231232643127441,-0.8981232643127441,0.5926665663719177,0.4073334038257599,-0.5545445084571838,-0.9295445084571838,0.4073334038257599,0,0,"{""A"": ""orientation"", ""B"": ""position"", ""C"": ""color"", ""D"": ""size""}",/mnt/tidalfs-hssh01/dataset/xiang/models/Qwen2.5-VL-7B-Instruct,42,text_only,next_token,text_only_logic
A_0060,A,A,A,0,-0.42870065569877625,-1.0537006855010986,0.6513548493385315,0.3486451208591461,-0.42883536219596863,-1.053835391998291,0.6513548493385315,0,1,"{""A"": ""orientation"", ""B"": ""position"", ""C"": ""color"", ""D"": ""size""}",/mnt/tidalfs-hssh01/dataset/xiang/models/Qwen2.5-VL-7B-Instruct,42,not_empty,next_token,single_cue
A_0060,A,B,B,0,-0.7575989961624146,-0.6325989961624146,0.4687906503677368,0.531209409236908,-0.7578195929527283,-0.6328195929527283,0.4687906503677368,1,0,"{""A"": ""orientation"", ""B"": ""position"", ""C"": ""color"", ""D"": ""size""}",/mnt/tidalfs-hssh01/dataset/xiang/models/Qwen2.5-VL-7B-Instruct,42,not_empty,next_token,single_cue
A_0060,A,C,C,0,-0.6325989961624146,-0.7575989961624146,0.531209409236908,0.4687906503677368,-0.632747232913971,-0.757747232913971,0.531209409236908,0,1,"{""A"": ""orientation"", ""B"": ""position"", ""C"": ""color"", ""D"": ""size""}",/mnt/tidalfs-hssh01/dataset/xiang/models/Qwen2.5-VL-7B-Instruct,42,not_empty,next_token,single_cue
A_0060,A,D,D,1,-1.0537006855010986,-0.42870065569877625,0.3486451208591461,0.6513548493385315,-1.0537971258163452,-0.4287971556186676,0.6513548493385315,1,1,"{""A"": ""orientation"", ""B"": ""position"", ""C"": ""color"", ""D"": ""size""}",/mnt/tidalfs-hssh01/dataset/xiang/models/Qwen2.5-VL-7B-Instruct,42,not_empty,next_token,single_cue
A_0068,A,STEP1,EMPTY,0,-0.38687101006507874,-1.1368709802627563,0.6791786551475525,0.3208213150501251,-0.3922473192214966,-1.1422473192214966,0.6791786551475525,0,1,"{""A"": ""position"", ""B"": ""color"", ""C"": ""size"", ""D"": ""orientation""}",/mnt/tidalfs-hssh01/dataset/xiang/models/Qwen2.5-VL-7B-Instruct,42,text_only,next_token,text_only_logic
A_0068,A,STEP2,EMPTY,0,-0.28115010261535645,-1.4061501026153564,0.7549149990081787,0.24508503079414368,-0.28852593898773193,-1.413525938987732,0.7549149990081787,0,1,"{""A"": ""position"", ""B"": ""color"", ""C"": ""size"", ""D"": ""orientation""}",/mnt/tidalfs-hssh01/dataset/xiang/models/Qwen2.5-VL-7B-Instruct,42,text_only,next_token,text_only_logic
A_0068,A,FINAL,EMPTY,0,-0.3132617473602295,-1.3132617473602295,0.7310584783554077,0.26894140243530273,-0.3256872296333313,-1.3256871700286865,0.7310584783554077,0,1,"{""A"": ""position"", ""B"": ""color"", ""C"": ""size"", ""D"": ""orientation""}",/mnt/tidalfs-hssh01/dataset/xiang/models/Qwen2.5-VL-7B-Instruct,42,text_only,next_token,text_only_logic
A_0068,A,A,A,1,-0.6325989961624146,-0.7575989961624146,0.531209409236908,0.4687906503677368,-0.6328067779541016,-0.7578067779541016,0.4687906503677368,0,0,"{""A"": ""position"", ""B"": ""color"", ""C"": ""size"", ""D"": ""orientation""}",/mnt/tidalfs-hssh01/dataset/xiang/models/Qwen2.5-VL-7B-Instruct,42,not_empty,next_token,single_cue
A_0068,A,B,B,1,-1.9102240800857544,-0.1602240949869156,0.14804720878601074,0.851952850818634,-1.9103310108184814,-0.16033104062080383,0.851952850818634,1,1,"{""A"": ""position"", ""B"": ""color"", ""C"": ""size"", ""D"": ""orientation""}",/mnt/tidalfs-hssh01/dataset/xiang/models/Qwen2.5-VL-7B-Instruct,42,not_empty,next_token,single_cue
A_0068,A,C,C,0,-0.22541262209415436,-1.6004126071929932,0.7981867790222168,0.2018132209777832,-0.22556979954242706,-1.6005698442459106,0.7981867790222168,0,1,"{""A"": ""position"", ""B"": ""color"", ""C"": ""size"", ""D"": ""orientation""}",/mnt/tidalfs-hssh01/dataset/xiang/models/Qwen2.5-VL-7B-Instruct,42,not_empty,next_token,single_cue
A_0068,A,D,D,0,-0.42870065569877625,-1.0537006855010986,0.6513548493385315,0.3486451208591461,-0.42882922291755676,-1.0538291931152344,0.6513548493385315,0,1,"{""A"": ""position"", ""B"": ""color"", ""C"": ""size"", ""D"": ""orientation""}",/mnt/tidalfs-hssh01/dataset/xiang/models/Qwen2.5-VL-7B-Instruct,42,not_empty,next_token,single_cue
A_0076,A,STEP1,EMPTY,1,-0.9740769863128662,-0.4740769863128662,0.3775406777858734,0.622459352016449,-0.9817338585853577,-0.48173385858535767,0.622459352016449,1,1,"{""A"": ""position"", ""B"": ""color"", ""C"": ""size"", ""D"": ""orientation""}",/mnt/tidalfs-hssh01/dataset/xiang/models/Qwen2.5-VL-7B-Instruct,42,text_only,next_token,text_only_logic
A_0076,A,STEP2,EMPTY,1,-1.2234445810317993,-0.3484445810317993,0.29421499371528625,0.7057850360870361,-1.231788158416748,-0.35678812861442566,0.7057850360870361,1,1,"{""A"": ""position"", ""B"": ""color"", ""C"": ""size"", ""D"": ""orientation""}",/mnt/tidalfs-hssh01/dataset/xiang/models/Qwen2.5-VL-7B-Instruct,42,text_only,next_token,text_only_logic
A_0076,A,FINAL,EMPTY,0,-0.825939416885376,-0.575939416885376,0.43782350420951843,0.562176525592804,-0.8565100431442261,-0.6065100431442261,0.43782350420951843,1,0,"{""A"": ""position"", ""B"": ""color"", ""C"": ""size"", ""D"": ""orientation""}",/mnt/tidalfs-hssh01/dataset/xiang/models/Qwen2.5-VL-7B-Instruct,42,text_only,next_token,text_only_logic
A_0076,A,A,A,0,-0.3484445810317993,-1.2234444618225098,0.7057850360870361,0.29421502351760864,-0.3486533761024475,-1.2236533164978027,0.7057850360870361,0,1,"{""A"": ""position"", ""B"": ""color"", ""C"": ""size"", ""D"": ""orientation""}",/mnt/tidalfs-hssh01/dataset/xiang/models/Qwen2.5-VL-7B-Instruct,42,not_empty,next_token,single_cue
A_0076,A,B,B,1,-1.9102240800857544,-0.1602240949869156,0.14804720878601074,0.851952850818634,-1.9103310108184814,-0.16033104062080383,0.851952850818634,1,1,"{""A"": ""position"", ""B"": ""color"", ""C"": ""size"", ""D"": ""orientation""}",/mnt/tidalfs-hssh01/dataset/xiang/models/Qwen2.5-VL-7B-Instruct,42,not_empty,next_token,single_cue
A_0076,A,C,C,1,-0.6931471824645996,-0.6931471824645996,0.5,0.5,-0.6932709217071533,-0.6932709217071533,0.5,0,0,"{""A"": ""position"", ""B"": ""color"", ""C"": ""size"", ""D"": ""orientation""}",/mnt/tidalfs-hssh01/dataset/xiang/models/Qwen2.5-VL-7B-Instruct,42,not_empty,next_token,single_cue
A_0076,A,D,D,0,-0.42870065569877625,-1.0537006855010986,0.6513548493385315,0.3486451208591461,-0.42882922291755676,-1.0538291931152344,0.6513548493385315,0,1,"{""A"": ""position"", ""B"": ""color"", ""C"": ""size"", ""D"": ""orientation""}",/mnt/tidalfs-hssh01/dataset/xiang/models/Qwen2.5-VL-7B-Instruct,42,not_empty,next_token,single_cue
A_0084,A,STEP1,EMPTY,0,-0.07888974994421005,-2.578889846801758,0.9241418242454529,0.07585817575454712,-0.08186794817447662,-2.5818679332733154,0.9241418242454529,0,1,"{""A"": ""color"", ""B"": ""size"", ""C"": ""orientation"", ""D"": ""position""}",/mnt/tidalfs-hssh01/dataset/xiang/models/Qwen2.5-VL-7B-Instruct,42,text_only,next_token,text_only_logic
A_0084,A,STEP2,EMPTY,1,-0.7575989961624146,-0.6325989961624146,0.4687906503677368,0.531209409236908,-0.7653571963310242,-0.6403571963310242,0.531209409236908,1,1,"{""A"": ""color"", ""B"": ""size"", ""C"": ""orientation"", ""D"": ""position""}",/mnt/tidalfs-hssh01/dataset/xiang/models/Qwen2.5-VL-7B-Instruct,42,text_only,next_token,text_only_logic
A_0084,A,FINAL,EMPTY,1,-0.5231232643127441,-0.8981232643127441,0.5926665663719177,0.4073334038257599,-0.5545445084571838,-0.9295445084571838,0.4073334038257599,0,0,"{""A"": ""color"", ""B"": ""size"", ""C"": ""orientation"", ""D"": ""position""}",/mnt/tidalfs-hssh01/dataset/xiang/models/Qwen2.5-VL-7B-Instruct,42,text_only,next_token,text_only_logic
A_0084,A,A,A,0,-0.6325989961624146,-0.7575989961624146,0.531209409236908,0.4687906503677368,-0.6326763033866882,-0.7576763033866882,0.531209409236908,0,1,"{""A"": ""color"", ""B"": ""size"", ""C"": ""orientation"", ""D"": ""position""}",/mnt/tidalfs-hssh01/dataset/xiang/models/Qwen2.5-VL-7B-Instruct,42,not_empty,next_token,single_cue
A_0084,A,B,B,0,-0.42870065569877625,-1.0537006855010986,0.6513548493385315,0.3486451208591461,-0.4288603663444519,-1.0538604259490967,0.6513548493385315,0,1,"{""A"": ""color"", ""B"": ""size"", ""C"": ""orientation"", ""D"": ""position""}",/mnt/tidalfs-hssh01/dataset/xiang/models/Qwen2.5-VL-7B-Instruct,42,not_empty,next_token,single_cue
A_0084,A,C,C,0,-0.38687101006507874,-1.1368709802627563,0.6791786551475525,0.3208213150501251,-0.38709476590156555,-1.1370947360992432,0.6791786551475525,0,1,"{""A"": ""color"", ""B"": ""size"", ""C"": ""orientation"", ""D"": ""position""}",/mnt/tidalfs-hssh01/dataset/xiang/models/Qwen2.5-VL-7B-Instruct,42,not_empty,next_token,single_cue
A_0084,A,D,D,1,-0.825939416885376,-0.575939416885376,0.43782350420951843,0.562176525592804,-0.8261176347732544,-0.5761176347732544,0.562176525592804,1,1,"{""A"": ""color"", ""B"": ""size"", ""C"": ""orientation"", ""D"": ""position""}",/mnt/tidalfs-hssh01/dataset/xiang/models/Qwen2.5-VL-7B-Instruct,42,not_empty,next_token,single_cue
A_0092,A,STEP1,EMPTY,1,-0.9740769863128662,-0.4740769863128662,0.3775406777858734,0.622459352016449,-0.9817338585853577,-0.48173385858535767,0.622459352016449,1,1,"{""A"": ""color"", ""B"": ""size"", ""C"": ""orientation"", ""D"": ""position""}",/mnt/tidalfs-hssh01/dataset/xiang/models/Qwen2.5-VL-7B-Instruct,42,text_only,next_token,text_only_logic
A_0092,A,STEP2,EMPTY,1,-1.2234445810317993,-0.3484445810317993,0.29421499371528625,0.7057850360870361,-1.231788158416748,-0.35678812861442566,0.7057850360870361,1,1,"{""A"": ""color"", ""B"": ""size"", ""C"": ""orientation"", ""D"": ""position""}",/mnt/tidalfs-hssh01/dataset/xiang/models/Qwen2.5-VL-7B-Instruct,42,text_only,next_token,text_only_logic
A_0092,A,FINAL,EMPTY,0,-0.825939416885376,-0.575939416885376,0.43782350420951843,0.562176525592804,-0.8565100431442261,-0.6065100431442261,0.43782350420951843,1,0,"{""A"": ""color"", ""B"": ""size"", ""C"": ""orientation"", ""D"": ""position""}",/mnt/tidalfs-hssh01/dataset/xiang/models/Qwen2.5-VL-7B-Instruct,42,text_only,next_token,text_only_logic
A_0092,A,A,A,0,-0.6325989961624146,-0.7575989961624146,0.531209409236908,0.4687906503677368,-0.6326763033866882,-0.7576763033866882,0.531209409236908,0,1,"{""A"": ""color"", ""B"": ""size"", ""C"": ""orientation"", ""D"": ""position""}",/mnt/tidalfs-hssh01/dataset/xiang/models/Qwen2.5-VL-7B-Instruct,42,not_empty,next_token,single_cue
A_0092,A,B,B,1,-1.0537006855010986,-0.42870065569877625,0.3486451208591461,0.6513548493385315,-1.0537875890731812,-0.42878761887550354,0.6513548493385315,1,1,"{""A"": ""color"", ""B"": ""size"", ""C"": ""orientation"", ""D"": ""position""}",/mnt/tidalfs-hssh01/dataset/xiang/models/Qwen2.5-VL-7B-Instruct,42,not_empty,next_token,single_cue
A_0092,A,C,C,1,-2.6949362754821777,-0.06993623077869415,0.06754668802022934,0.9324532747268677,-2.694995164871216,-0.06999525427818298,0.9324532747268677,1,1,"{""A"": ""color"", ""B"": ""size"", ""C"": ""orientation"", ""D"": ""position""}",/mnt/tidalfs-hssh01/dataset/xiang/models/Qwen2.5-VL-7B-Instruct,42,not_empty,next_token,single_cue
A_0092,A,D,D,0,-0.575939416885376,-0.825939416885376,0.562176525592804,0.43782350420951843,-0.5761479735374451,-0.8261479735374451,0.562176525592804,0,1,"{""A"": ""color"", ""B"": ""size"", ""C"": ""orientation"", ""D"": ""position""}",/mnt/tidalfs-hssh01/dataset/xiang/models/Qwen2.5-VL-7B-Instruct,42,not_empty,next_token,single_cue
A_0100,A,STEP1,EMPTY,0,-0.4740769863128662,-0.9740769863128662,0.622459352016449,0.3775406777858734,-0.48037615418434143,-0.980376124382019,0.622459352016449,0,1,"{""A"": ""size"", ""B"": ""orientation"", ""C"": ""position"", ""D"": ""color""}",/mnt/tidalfs-hssh01/dataset/xiang/models/Qwen2.5-VL-7B-Instruct,42,text_only,next_token,text_only_logic
A_0100,A,STEP2,EMPTY,1,-1.1368709802627563,-0.38687101006507874,0.3208213150501251,0.6791786551475525,-1.1455833911895752,-0.3955834209918976,0.6791786551475525,1,1,"{""A"": ""size"", ""B"": ""orientation"", ""C"": ""position"", ""D"": ""color""}",/mnt/tidalfs-hssh01/dataset/xiang/models/Qwen2.5-VL-7B-Instruct,42,text_only,next_token,text_only_logic
A_0100,A,FINAL,EMPTY,1,-0.7575989961624146,-0.6325989961624146,0.4687906503677368,0.531209409236908,-0.7814317345619202,-0.6564317345619202,0.531209409236908,1,1,"{""A"": ""size"", ""B"": ""orientation"", ""C"": ""position"", ""D"": ""color""}",/mnt/tidalfs-hssh01/dataset/xiang/models/Qwen2.5-VL-7B-Instruct,42,text_only,next_token,text_only_logic
A_0100,A,A,A,1,-1.6004126071929932,-0.22541262209415436,0.2018132209777832,0.7981867790222168,-1.6004619598388672,-0.2254619151353836,0.7981867790222168,1,1,"{""A"": ""size"", ""B"": ""orientation"", ""C"": ""position"", ""D"": ""color""}",/mnt/tidalfs-hssh01/dataset/xiang/models/Qwen2.5-VL-7B-Instruct,42,not_empty,next_token,single_cue
A_0100,A,B,B,1,-3.0485873222351074,-0.04858732968568802,0.047425877302885056,0.9525741338729858,-3.048651933670044,-0.04865182563662529,0.9525741338729858,1,1,"{""A"": ""size"", ""B"": ""orientation"", ""C"": ""position"", ""D"": ""color""}",/mnt/tidalfs-hssh01/dataset/xiang/models/Qwen2.5-VL-7B-Instruct,42,not_empty,next_token,single_cue
A_0100,A,C,C,1,-1.2234445810317993,-0.3484445810317993,0.29421499371528625,0.7057850360870361,-1.2236754894256592,-0.3486754894256592,0.7057850360870361,1,1,"{""A"": ""size"", ""B"": ""orientation"", ""C"": ""position"", ""D"": ""color""}",/mnt/tidalfs-hssh01/dataset/xiang/models/Qwen2.5-VL-7B-Instruct,42,not_empty,next_token,single_cue
A_0100,A,D,D,0,-0.575939416885376,-0.825939416885376,0.562176525592804,0.43782350420951843,-0.5760619044303894,-0.8260619044303894,0.562176525592804,0,1,"{""A"": ""size"", ""B"": ""orientation"", ""C"": ""position"", ""D"": ""color""}",/mnt/tidalfs-hssh01/dataset/xiang/models/Qwen2.5-VL-7B-Instruct,42,not_empty,next_token,single_cue
A_0108,A,STEP1,EMPTY,1,-1.7014133930206299,-0.2014133334159851,0.18242549896240234,0.8175744414329529,-1.7069419622421265,-0.20694197714328766,0.8175744414329529,1,1,"{""A"": ""size"", ""B"": ""orientation"", ""C"": ""position"", ""D"": ""color""}",/mnt/tidalfs-hssh01/dataset/xiang/models/Qwen2.5-VL-7B-Instruct,42,text_only,next_token,text_only_logic
A_0108,A,STEP2,EMPTY,1,-0.8981232643127441,-0.5231232643127441,0.4073334038257599,0.5926665663719177,-0.9092407822608948,-0.5342407822608948,0.5926665663719177,1,1,"{""A"": ""size"", ""B"": ""orientation"", ""C"": ""position"", ""D"": ""color""}",/mnt/tidalfs-hssh01/dataset/xiang/models/Qwen2.5-VL-7B-Instruct,42,text_only,next_token,text_only_logic
A_0108,A,FINAL,EMPTY,0,-0.825939416885376,-0.575939416885376,0.43782350420951843,0.562176525592804,-0.8532288074493408,-0.6032288074493408,0.43782350420951843,1,0,"{""A"": ""size"", ""B"": ""orientation"", ""C"": ""position"", ""D"": ""color""}",/mnt/tidalfs-hssh01/dataset/xiang/models/Qwen2.5-VL-7B-Instruct,42,text_only,next_token,text_only_logic
A_0108,A,A,A,1,-1.6004126071929932,-0.22541262209415436,0.2018132209777832,0.7981867790222168,-1.6004619598388672,-0.2254619151353836,0.7981867790222168,1,1,"{""A"": ""size"", ""B"": ""orientation"", ""C"": ""position"", ""D"": ""color""}",/mnt/tidalfs-hssh01/dataset/xiang/models/Qwen2.5-VL-7B-Instruct,42,not_empty,next_token,single_cue
A_0108,A,B,B,0,-0.5231232643127441,-0.8981232643127441,0.5926665663719177,0.4073334038257599,-0.5233591198921204,-0.8983591198921204,0.5926665663719177,0,1,"{""A"": ""size"", ""B"": ""orientation"", ""C"": ""position"", ""D"": ""color""}",/mnt/tidalfs-hssh01/dataset/xiang/models/Qwen2.5-VL-7B-Instruct,42,not_empty,next_token,single_cue
A_0108,A,C,C,0,-0.8981232643127441,-0.5231232643127441,0.4073334038257599,0.5926665663719177,-0.898395836353302,-0.523395836353302,0.4073334038257599,1,0,"{""A"": ""size"", ""B"": ""orientation"", ""C"": ""position"", ""D"": ""color""}",/mnt/tidalfs-hssh01/dataset/xiang/models/Qwen2.5-VL-7B-Instruct,42,not_empty,next_token,single_cue
A_0108,A,D,D,1,-1.5019290447235107,-0.25192904472351074,0.22270016372203827,0.7772998809814453,-1.502044916152954,-0.2520448565483093,0.7772998809814453,1,1,"{""A"": ""size"", ""B"": ""orientation"", ""C"": ""position"", ""D"": ""color""}",/mnt/tidalfs-hssh01/dataset/xiang/models/Qwen2.5-VL-7B-Instruct,42,not_empty,next_token,single_cue
A_0116,A,STEP1,EMPTY,0,-0.02630021423101425,-3.6513001918792725,0.9740425944328308,0.02595735713839531,-0.028325876221060753,-3.6533257961273193,0.9740425944328308,0,1,"{""A"": ""orientation"", ""B"": ""position"", ""C"": ""color"", ""D"": ""size""}",/mnt/tidalfs-hssh01/dataset/xiang/models/Qwen2.5-VL-7B-Instruct,42,text_only,next_token,text_only_logic
A_0116,A,STEP2,EMPTY,0,-0.042999111115932465,-3.167999029159546,0.957912266254425,0.04208773374557495,-0.045304615050554276,-3.170304536819458,0.957912266254425,0,1,"{""A"": ""orientation"", ""B"": ""position"", ""C"": ""color"", ""D"": ""size""}",/mnt/tidalfs-hssh01/dataset/xiang/models/Qwen2.5-VL-7B-Instruct,42,text_only,next_token,text_only_logic
A_0116,A,FINAL,EMPTY,0,-0.03804141283035278,-3.288041353225708,0.9626731276512146,0.037326887249946594,-0.046220868825912476,-3.2962207794189453,0.9626731276512146,0,1,"{""A"": ""orientation"", ""B"": ""position"", ""C"": ""color"", ""D"": ""size""}",/mnt/tidalfs-hssh01/dataset/xiang/models/Qwen2.5-VL-7B-Instruct,42,text_only,next_token,text_only_logic
A_0116,A,A,A,0,-0.42870065569877625,-1.0537006855010986,0.6513548493385315,0.3486451208591461,-0.42883536219596863,-1.053835391998291,0.6513548493385315,0,1,"{""A"": ""orientation"", ""B"": ""position"", ""C"": ""color"", ""D"": ""size""}",/mnt/tidalfs-hssh01/dataset/xiang/models/Qwen2.5-VL-7B-Instruct,42,not_empty,next_token,single_cue
A_0116,A,B,B,0,-0.7575989961624146,-0.6325989961624146,0.4687906503677368,0.531209409236908,-0.7578195929527283,-0.6328195929527283,0.4687906503677368,1,0,"{""A"": ""orientation"", ""B"": ""position"", ""C"": ""color"", ""D"": ""size""}",/mnt/tidalfs-hssh01/dataset/xiang/models/Qwen2.5-VL-7B-Instruct,42,not_empty,next_token,single_cue
A_0116,A,C,C,0,-0.6325989961624146,-0.7575989961624146,0.531209409236908,0.4687906503677368,-0.632747232913971,-0.757747232913971,0.531209409236908,0,1,"{""A"": ""orientation"", ""B"": ""position"", ""C"": ""color"", ""D"": ""size""}",/mnt/tidalfs-hssh01/dataset/xiang/models/Qwen2.5-VL-7B-Instruct,42,not_empty,next_token,single_cue
A_0116,A,D,D,0,-0.4740769863128662,-0.9740769863128662,0.622459352016449,0.3775406777858734,-0.4742000699043274,-0.9742000699043274,0.622459352016449,0,1,"{""A"": ""orientation"", ""B"": ""position"", ""C"": ""color"", ""D"": ""size""}",/mnt/tidalfs-hssh01/dataset/xiang/models/Qwen2.5-VL-7B-Instruct,42,not_empty,next_token,single_cue
A_0124,A,STEP1,EMPTY,1,-0.9740769863128662,-0.4740769863128662,0.3775406777858734,0.622459352016449,-0.9817338585853577,-0.48173385858535767,0.622459352016449,1,1,"{""A"": ""orientation"", ""B"": ""position"", ""C"": ""color"", ""D"": ""size""}",/mnt/tidalfs-hssh01/dataset/xiang/models/Qwen2.5-VL-7B-Instruct,42,text_only,next_token,text_only_logic
A_0124,A,STEP2,EMPTY,1,-1.2234445810317993,-0.3484445810317993,0.29421499371528625,0.7057850360870361,-1.231788158416748,-0.35678812861442566,0.7057850360870361,1,1,"{""A"": ""orientation"", ""B"": ""position"", ""C"": ""color"", ""D"": ""size""}",/mnt/tidalfs-hssh01/dataset/xiang/models/Qwen2.5-VL-7B-Instruct,42,text_only,next_token,text_only_logic
A_0124,A,FINAL,EMPTY,0,-0.825939416885376,-0.575939416885376,0.43782350420951843,0.562176525592804,-0.8565100431442261,-0.6065100431442261,0.43782350420951843,1,0,"{""A"": ""orientation"", ""B"": ""position"", ""C"": ""color"", ""D"": ""size""}",/mnt/tidalfs-hssh01/dataset/xiang/models/Qwen2.5-VL-7B-Instruct,42,text_only,next_token,text_only_logic
A_0124,A,A,A,0,-0.42870065569877625,-1.0537006855010986,0.6513548493385315,0.3486451208591461,-0.42883536219596863,-1.053835391998291,0.6513548493385315,0,1,"{""A"": ""orientation"", ""B"": ""position"", ""C"": ""color"", ""D"": ""size""}",/mnt/tidalfs-hssh01/dataset/xiang/models/Qwen2.5-VL-7B-Instruct,42,not_empty,next_token,single_cue
A_0124,A,B,B,1,-0.9740769863128662,-0.4740769863128662,0.3775406777858734,0.622459352016449,-0.9742816686630249,-0.4742816984653473,0.622459352016449,1,1,"{""A"": ""orientation"", ""B"": ""position"", ""C"": ""color"", ""D"": ""size""}",/mnt/tidalfs-hssh01/dataset/xiang/models/Qwen2.5-VL-7B-Instruct,42,not_empty,next_token,single_cue
A_0124,A,C,C,1,-2.1269280910491943,-0.12692804634571075,0.11920291185379028,0.8807970285415649,-2.1270110607147217,-0.1270110011100769,0.8807970285415649,1,1,"{""A"": ""orientation"", ""B"": ""position"", ""C"": ""color"", ""D"": ""size""}",/mnt/tidalfs-hssh01/dataset/xiang/models/Qwen2.5-VL-7B-Instruct,42,not_empty,next_token,single_cue
A_0124,A,D,D,0,-0.4740769863128662,-0.9740769863128662,0.622459352016449,0.3775406777858734,-0.4742000699043274,-0.9742000699043274,0.622459352016449,0,1,"{""A"": ""orientation"", ""B"": ""position"", ""C"": ""color"", ""D"": ""size""}",/mnt/tidalfs-hssh01/dataset/xiang/models/Qwen2.5-VL-7B-Instruct,42,not_empty,next_token,single_cue
B_0004,B,STEP,EMPTY,0,-0.6325989961624146,-0.7575989961624146,0.531209409236908,0.4687906503677368,-0.635221540927887,-0.760221540927887,0.531209409236908,0,1,"{""A"": ""position"", ""B"": ""color"", ""C"": ""size"", ""D"": ""orientation""}",/mnt/tidalfs-hssh01/dataset/xiang/models/Qwen2.5-VL-7B-Instruct,42,text_only,next_token,text_only_logic
B_0004,B,A,A,1,-0.6325989961624146,-0.7575989961624146,0.531209409236908,0.4687906503677368,-0.6328067779541016,-0.7578067779541016,0.4687906503677368,0,0,"{""A"": ""position"", ""B"": ""color"", ""C"": ""size"", ""D"": ""orientation""}",/mnt/tidalfs-hssh01/dataset/xiang/models/Qwen2.5-VL-7B-Instruct,42,not_empty,next_token,single_cue
B_0004,B,B,B,1,-1.9102240800857544,-0.1602240949869156,0.14804720878601074,0.851952850818634,-1.9103310108184814,-0.16033104062080383,0.851952850818634,1,1,"{""A"": ""position"", ""B"": ""color"", ""C"": ""size"", ""D"": ""orientation""}",/mnt/tidalfs-hssh01/dataset/xiang/models/Qwen2.5-VL-7B-Instruct,42,not_empty,next_token,single_cue
B_0004,B,C,C,0,-0.22541262209415436,-1.6004126071929932,0.7981867790222168,0.2018132209777832,-0.22556979954242706,-1.6005698442459106,0.7981867790222168,0,1,"{""A"": ""position"", ""B"": ""color"", ""C"": ""size"", ""D"": ""orientation""}",/mnt/tidalfs-hssh01/dataset/xiang/models/Qwen2.5-VL-7B-Instruct,42,not_empty,next_token,single_cue
B_0004,B,D,D,0,-0.42870065569877625,-1.0537006855010986,0.6513548493385315,0.3486451208591461,-0.42882922291755676,-1.0538291931152344,0.6513548493385315,0,1,"{""A"": ""position"", ""B"": ""color"", ""C"": ""size"", ""D"": ""orientation""}",/mnt/tidalfs-hssh01/dataset/xiang/models/Qwen2.5-VL-7B-Instruct,42,not_empty,next_token,single_cue
B_0012,B,STEP,EMPTY,1,-0.5231232643127441,-0.8981232643127441,0.5926665663719177,0.4073334038257599,-0.5256139039993286,-0.9006139039993286,0.4073334038257599,0,0,"{""A"": ""color"", ""B"": ""size"", ""C"": ""orientation"", ""D"": ""position""}",/mnt/tidalfs-hssh01/dataset/xiang/models/Qwen2.5-VL-7B-Instruct,42,text_only,next_token,text_only_logic
B_0012,B,A,A,0,-0.6325989961624146,-0.7575989961624146,0.531209409236908,0.4687906503677368,-0.6326763033866882,-0.7576763033866882,0.531209409236908,0,1,"{""A"": ""color"", ""B"": ""size"", ""C"": ""orientation"", ""D"": ""position""}",/mnt/tidalfs-hssh01/dataset/xiang/models/Qwen2.5-VL-7B-Instruct,42,not_empty,next_token,single_cue
B_0012,B,B,B,1,-1.0537006855010986,-0.42870065569877625,0.3486451208591461,0.6513548493385315,-1.0537875890731812,-0.42878761887550354,0.6513548493385315,1,1,"{""A"": ""color"", ""B"": ""size"", ""C"": ""orientation"", ""D"": ""position""}",/mnt/tidalfs-hssh01/dataset/xiang/models/Qwen2.5-VL-7B-Instruct,42,not_empty,next_token,single_cue
B_0012,B,C,C,0,-0.38687101006507874,-1.1368709802627563,0.6791786551475525,0.3208213150501251,-0.38709476590156555,-1.1370947360992432,0.6791786551475525,0,1,"{""A"": ""color"", ""B"": ""size"", ""C"": ""orientation"", ""D"": ""position""}",/mnt/tidalfs-hssh01/dataset/xiang/models/Qwen2.5-VL-7B-Instruct,42,not_empty,next_token,single_cue
B_0012,B,D,D,1,-0.825939416885376,-0.575939416885376,0.43782350420951843,0.562176525592804,-0.8261176347732544,-0.5761176347732544,0.562176525592804,1,1,"{""A"": ""color"", ""B"": ""size"", ""C"": ""orientation"", ""D"": ""position""}",/mnt/tidalfs-hssh01/dataset/xiang/models/Qwen2.5-VL-7B-Instruct,42,not_empty,next_token,single_cue
B_0020,B,STEP,EMPTY,0,-0.3132617473602295,-1.3132617473602295,0.7310584783554077,0.26894140243530273,-0.3164283335208893,-1.316428303718567,0.7310584783554077,0,1,"{""A"": ""size"", ""B"": ""orientation"", ""C"": ""position"", ""D"": ""color""}",/mnt/tidalfs-hssh01/dataset/xiang/models/Qwen2.5-VL-7B-Instruct,42,text_only,next_token,text_only_logic
B_0020,B,A,A,0,-0.4740769863128662,-0.9740769863128662,0.622459352016449,0.3775406777858734,-0.47417017817497253,-0.9741702079772949,0.622459352016449,0,1,"{""A"": ""size"", ""B"": ""orientation"", ""C"": ""position"", ""D"": ""color""}",/mnt/tidalfs-hssh01/dataset/xiang/models/Qwen2.5-VL-7B-Instruct,42,not_empty,next_token,single_cue
B_0020,B,B,B,0,-0.5231232643127441,-0.8981232643127441,0.5926665663719177,0.4073334038257599,-0.5233591198921204,-0.8983591198921204,0.5926665663719177,0,1,"{""A"": ""size"", ""B"": ""orientation"", ""C"": ""position"", ""D"": ""color""}",/mnt/tidalfs-hssh01/dataset/xiang/models/Qwen2.5-VL-7B-Instruct,42,not_empty,next_token,single_cue
B_0020,B,C,C,1,-1.2234445810317993,-0.3484445810317993,0.29421499371528625,0.7057850360870361,-1.2236754894256592,-0.3486754894256592,0.7057850360870361,1,1,"{""A"": ""size"", ""B"": ""orientation"", ""C"": ""position"", ""D"": ""color""}",/mnt/tidalfs-hssh01/dataset/xiang/models/Qwen2.5-VL-7B-Instruct,42,not_empty,next_token,single_cue
B_0020,B,D,D,1,-1.5019290447235107,-0.25192904472351074,0.22270016372203827,0.7772998809814453,-1.502044916152954,-0.2520448565483093,0.7772998809814453,1,1,"{""A"": ""size"", ""B"": ""orientation"", ""C"": ""position"", ""D"": ""color""}",/mnt/tidalfs-hssh01/dataset/xiang/models/Qwen2.5-VL-7B-Instruct,42,not_empty,next_token,single_cue
B_0028,B,STEP,EMPTY,1,-0.5231232643127441,-0.8981232643127441,0.5926665663719177,0.4073334038257599,-0.5256139039993286,-0.9006139039993286,0.4073334038257599,0,0,"{""A"": ""orientation"", ""B"": ""position"", ""C"": ""color"", ""D"": ""size""}",/mnt/tidalfs-hssh01/dataset/xiang/models/Qwen2.5-VL-7B-Instruct,42,text_only,next_token,text_only_logic
B_0028,B,A,A,0,-0.42870065569877625,-1.0537006855010986,0.6513548493385315,0.3486451208591461,-0.42883536219596863,-1.053835391998291,0.6513548493385315,0,1,"{""A"": ""orientation"", ""B"": ""position"", ""C"": ""color"", ""D"": ""size""}",/mnt/tidalfs-hssh01/dataset/xiang/models/Qwen2.5-VL-7B-Instruct,42,not_empty,next_token,single_cue
B_0028,B,B,B,1,-0.9740769863128662,-0.4740769863128662,0.3775406777858734,0.622459352016449,-0.9742816686630249,-0.4742816984653473,0.622459352016449,1,1,"{""A"": ""orientation"", ""B"": ""position"", ""C"": ""color"", ""D"": ""size""}",/mnt/tidalfs-hssh01/dataset/xiang/models/Qwen2.5-VL-7B-Instruct,42,not_empty,next_token,single_cue
B_0028,B,C,C,0,-0.6325989961624146,-0.7575989961624146,0.531209409236908,0.4687906503677368,-0.632747232913971,-0.757747232913971,0.531209409236908,0,1,"{""A"": ""orientation"", ""B"": ""position"", ""C"": ""color"", ""D"": ""size""}",/mnt/tidalfs-hssh01/dataset/xiang/models/Qwen2.5-VL-7B-Instruct,42,not_empty,next_token,single_cue
B_0028,B,D,D,1,-1.0537006855010986,-0.42870065569877625,0.3486451208591461,0.6513548493385315,-1.0537971258163452,-0.4287971556186676,0.6513548493385315,1,1,"{""A"": ""orientation"", ""B"": ""position"", ""C"": ""color"", ""D"": ""size""}",/mnt/tidalfs-hssh01/dataset/xiang/models/Qwen2.5-VL-7B-Instruct,42,not_empty,next_token,single_cue
B_0036,B,STEP,EMPTY,0,-0.3132617473602295,-1.3132617473602295,0.7310584783554077,0.26894140243530273,-0.3164283335208893,-1.316428303718567,0.7310584783554077,0,1,"{""A"": ""position"", ""B"": ""color"", ""C"": ""size"", ""D"": ""orientation""}",/mnt/tidalfs-hssh01/dataset/xiang/models/Qwen2.5-VL-7B-Instruct,42,text_only,next_token,text_only_logic
B_0036,B,A,A,0,-0.3484445810317993,-1.2234444618225098,0.7057850360870361,0.29421502351760864,-0.3486533761024475,-1.2236533164978027,0.7057850360870361,0,1,"{""A"": ""position"", ""B"": ""color"", ""C"": ""size"", ""D"": ""orientation""}",/mnt/tidalfs-hssh01/dataset/xiang/models/Qwen2.5-VL-7B-Instruct,42,not_empty,next_token,single_cue
B_0036,B,B,B,0,-0.7575989961624146,-0.6325989961624146,0.4687906503677368,0.531209409236908,-0.7577201724052429,-0.6327201724052429,0.4687906503677368,1,0,"{""A"": ""position"", ""B"": ""color"", ""C"": ""size"", ""D"": ""orientation""}",/mnt/tidalfs-hssh01/dataset/xiang/models/Qwen2.5-VL-7B-Instruct,42,not_empty,next_token,single_cue
B_0036,B,C,C,1,-0.6931471824645996,-0.6931471824645996,0.5,0.5,-0.6932709217071533,-0.6932709217071533,0.5,0,0,"{""A"": ""position"", ""B"": ""color"", ""C"": ""size"", ""D"": ""orientation""}",/mnt/tidalfs-hssh01/dataset/xiang/models/Qwen2.5-VL-7B-Instruct,42,not_empty,next_token,single_cue
B_0036,B,D,D,1,-2.6949362754821777,-0.06993623077869415,0.06754668802022934,0.9324532747268677,-2.694995164871216,-0.06999525427818298,0.9324532747268677,1,1,"{""A"": ""position"", ""B"": ""color"", ""C"": ""size"", ""D"": ""orientation""}",/mnt/tidalfs-hssh01/dataset/xiang/models/Qwen2.5-VL-7B-Instruct,42,not_empty,next_token,single_cue
B_0044,B,STEP,EMPTY,0,-0.1797446459531784,-1.8047446012496948,0.8354835510253906,0.16451647877693176,-0.1815682053565979,-1.8065681457519531,0.8354835510253906,0,1,"{""A"": ""color"", ""B"": ""size"", ""C"": ""orientation"", ""D"": ""position""}",/mnt/tidalfs-hssh01/dataset/xiang/models/Qwen2.5-VL-7B-Instruct,42,text_only,next_token,text_only_logic
B_0044,B,A,A,0,-0.6325989961624146,-0.7575989961624146,0.531209409236908,0.4687906503677368,-0.6326763033866882,-0.7576763033866882,0.531209409236908,0,1,"{""A"": ""color"", ""B"": ""size"", ""C"": ""orientation"", ""D"": ""position""}",/mnt/tidalfs-hssh01/dataset/xiang/models/Qwen2.5-VL-7B-Instruct,42,not_empty,next_token,single_cue
B_0044,B,B,B,0,-0.42870065569877625,-1.0537006855010986,0.6513548493385315,0.3486451208591461,-0.4288603663444519,-1.0538604259490967,0.6513548493385315,0,1,"{""A"": ""color"", ""B"": ""size"", ""C"": ""orientation"", ""D"": ""position""}",/mnt/tidalfs-hssh01/dataset/xiang/models/Qwen2.5-VL-7B-Instruct,42,not_empty,next_token,single_cue
B_0044,B,C,C,0,-0.38687101006507874,-1.1368709802627563,0.6791786551475525,0.3208213150501251,-0.38709476590156555,-1.1370947360992432,0.6791786551475525,0,1,"{""A"": ""color"", ""B"": ""size"", ""C"": ""orientation"", ""D"": ""position""}",/mnt/tidalfs-hssh01/dataset/xiang/models/Qwen2.5-VL-7B-Instruct,42,not_empty,next_token,single_cue
B_0044,B,D,D,0,-0.575939416885376,-0.825939416885376,0.562176525592804,0.43782350420951843,-0.5761479735374451,-0.8261479735374451,0.562176525592804,0,1,"{""A"": ""color"", ""B"": ""size"", ""C"": ""orientation"", ""D"": ""position""}",/mnt/tidalfs-hssh01/dataset/xiang/models/Qwen2.5-VL-7B-Instruct,42,not_empty,next_token,single_cue
B_0052,B,STEP,EMPTY,1,-0.5231232643127441,-0.8981232643127441,0.5926665663719177,0.4073334038257599,-0.5256139039993286,-0.9006139039993286,0.4073334038257599,0,0,"{""A"": ""size"", ""B"": ""orientation"", ""C"": ""position"", ""D"": ""color""}",/mnt/tidalfs-hssh01/dataset/xiang/models/Qwen2.5-VL-7B-Instruct,42,text_only,next_token,text_only_logic
B_0052,B,A,A,0,-0.4740769863128662,-0.9740769863128662,0.622459352016449,0.3775406777858734,-0.47417017817497253,-0.9741702079772949,0.622459352016449,0,1,"{""A"": ""size"", ""B"": ""orientation"", ""C"": ""position"", ""D"": ""color""}",/mnt/tidalfs-hssh01/dataset/xiang/models/Qwen2.5-VL-7B-Instruct,42,not_empty,next_token,single_cue
B_0052,B,B,B,1,-3.0485873222351074,-0.04858732968568802,0.047425877302885056,0.9525741338729858,-3.048651933670044,-0.04865182563662529,0.9525741338729858,1,1,"{""A"": ""size"", ""B"": ""orientation"", ""C"": ""position"", ""D"": ""color""}",/mnt/tidalfs-hssh01/dataset/xiang/models/Qwen2.5-VL-7B-Instruct,42,not_empty,next_token,single_cue
B_0052,B,C,C,0,-0.8981232643127441,-0.5231232643127441,0.4073334038257599,0.5926665663719177,-0.898395836353302,-0.523395836353302,0.4073334038257599,1,0,"{""A"": ""size"", ""B"": ""orientation"", ""C"": ""position"", ""D"": ""color""}",/mnt/tidalfs-hssh01/dataset/xiang/models/Qwen2.5-VL-7B-Instruct,42,not_empty,next_token,single_cue
B_0052,B,D,D,1,-1.5019290447235107,-0.25192904472351074,0.22270016372203827,0.7772998809814453,-1.502044916152954,-0.2520448565483093,0.7772998809814453,1,1,"{""A"": ""size"", ""B"": ""orientation"", ""C"": ""position"", ""D"": ""color""}",/mnt/tidalfs-hssh01/dataset/xiang/models/Qwen2.5-VL-7B-Instruct,42,not_empty,next_token,single_cue
B_0060,B,STEP,EMPTY,1,-0.5231232643127441,-0.8981232643127441,0.5926665663719177,0.4073334038257599,-0.5256139039993286,-0.9006139039993286,0.4073334038257599,0,0,"{""A"": ""orientation"", ""B"": ""position"", ""C"": ""color"", ""D"": ""size""}",/mnt/tidalfs-hssh01/dataset/xiang/models/Qwen2.5-VL-7B-Instruct,42,text_only,next_token,text_only_logic
B_0060,B,A,A,0,-0.42870065569877625,-1.0537006855010986,0.6513548493385315,0.3486451208591461,-0.42883536219596863,-1.053835391998291,0.6513548493385315,0,1,"{""A"": ""orientation"", ""B"": ""position"", ""C"": ""color"", ""D"": ""size""}",/mnt/tidalfs-hssh01/dataset/xiang/models/Qwen2.5-VL-7B-Instruct,42,not_empty,next_token,single_cue
B_0060,B,B,B,1,-0.9740769863128662,-0.4740769863128662,0.3775406777858734,0.622459352016449,-0.9742816686630249,-0.4742816984653473,0.622459352016449,1,1,"{""A"": ""orientation"", ""B"": ""position"", ""C"": ""color"", ""D"": ""size""}",/mnt/tidalfs-hssh01/dataset/xiang/models/Qwen2.5-VL-7B-Instruct,42,not_empty,next_token,single_cue
B_0060,B,C,C,0,-0.6325989961624146,-0.7575989961624146,0.531209409236908,0.4687906503677368,-0.632747232913971,-0.757747232913971,0.531209409236908,0,1,"{""A"": ""orientation"", ""B"": ""position"", ""C"": ""color"", ""D"": ""size""}",/mnt/tidalfs-hssh01/dataset/xiang/models/Qwen2.5-VL-7B-Instruct,42,not_empty,next_token,single_cue
B_0060,B,D,D,1,-1.0537006855010986,-0.42870065569877625,0.3486451208591461,0.6513548493385315,-1.0537971258163452,-0.4287971556186676,0.6513548493385315,1,1,"{""A"": ""orientation"", ""B"": ""position"", ""C"": ""color"", ""D"": ""size""}",/mnt/tidalfs-hssh01/dataset/xiang/models/Qwen2.5-VL-7B-Instruct,42,not_empty,next_token,single_cue
B_0068,B,STEP,EMPTY,1,-0.6325989961624146,-0.7575989961624146,0.531209409236908,0.4687906503677368,-0.636933445930481,-0.761933445930481,0.4687906503677368,0,0,"{""A"": ""position"", ""B"": ""color"", ""C"": ""size"", ""D"": ""orientation""}",/mnt/tidalfs-hssh01/dataset/xiang/models/Qwen2.5-VL-7B-Instruct,42,text_only,next_token,text_only_logic
B_0068,B,A,A,1,-0.6325989961624146,-0.7575989961624146,0.531209409236908,0.4687906503677368,-0.6328067779541016,-0.7578067779541016,0.4687906503677368,0,0,"{""A"": ""position"", ""B"": ""color"", ""C"": ""size"", ""D"": ""orientation""}",/mnt/tidalfs-hssh01/dataset/xiang/models/Qwen2.5-VL-7B-Instruct,42,not_empty,next_token,single_cue
B_0068,B,B,B,0,-0.7575989961624146,-0.6325989961624146,0.4687906503677368,0.531209409236908,-0.7577201724052429,-0.6327201724052429,0.4687906503677368,1,0,"{""A"": ""position"", ""B"": ""color"", ""C"": ""size"", ""D"": ""orientation""}",/mnt/tidalfs-hssh01/dataset/xiang/models/Qwen2.5-VL-7B-Instruct,42,not_empty,next_token,single_cue
B_0068,B,C,C,0,-0.22541262209415436,-1.6004126071929932,0.7981867790222168,0.2018132209777832,-0.22556979954242706,-1.6005698442459106,0.7981867790222168,0,1,"{""A"": ""position"", ""B"": ""color"", ""C"": ""size"", ""D"": ""orientation""}",/mnt/tidalfs-hssh01/dataset/xiang/models/Qwen2.5-VL-7B-Instruct,42,not_empty,next_token,single_cue
B_0068,B,D,D,1,-2.6949362754821777,-0.06993623077869415,0.06754668802022934,0.9324532747268677,-2.694995164871216,-0.06999525427818298,0.9324532747268677,1,1,"{""A"": ""position"", ""B"": ""color"", ""C"": ""size"", ""D"": ""orientation""}",/mnt/tidalfs-hssh01/dataset/xiang/models/Qwen2.5-VL-7B-Instruct,42,not_empty,next_token,single_cue
B_0076,B,STEP,EMPTY,1,-0.9740769863128662,-0.4740769863128662,0.3775406777858734,0.622459352016449,-0.9771357178688049,-0.47713571786880493,0.622459352016449,1,1,"{""A"": ""color"", ""B"": ""size"", ""C"": ""orientation"", ""D"": ""position""}",/mnt/tidalfs-hssh01/dataset/xiang/models/Qwen2.5-VL-7B-Instruct,42,text_only,next_token,text_only_logic
B_0076,B,A,A,1,-1.9102240800857544,-0.1602240949869156,0.14804720878601074,0.851952850818634,-1.9102849960327148,-0.16028493642807007,0.851952850818634,1,1,"{""A"": ""color"", ""B"": ""size"", ""C"": ""orientation"", ""D"": ""position""}",/mnt/tidalfs-hssh01/dataset/xiang/models/Qwen2.5-VL-7B-Instruct,42,not_empty,next_token,single_cue
B_0076,B,B,B,0,-0.42870065569877625,-1.0537006855010986,0.6513548493385315,0.3486451208591461,-0.4288603663444519,-1.0538604259490967,0.6513548493385315,0,1,"{""A"": ""color"", ""B"": ""size"", ""C"": ""orientation"", ""D"": ""position""}",/mnt/tidalfs-hssh01/dataset/xiang/models/Qwen2.5-VL-7B-Instruct,42,not_empty,next_token,single_cue
B_0076,B,C,C,1,-2.6949362754821777,-0.06993623077869415,0.06754668802022934,0.9324532747268677,-2.694995164871216,-0.06999525427818298,0.9324532747268677,1,1,"{""A"": ""color"", ""B"": ""size"", ""C"": ""orientation"", ""D"": ""position""}",/mnt/tidalfs-hssh01/dataset/xiang/models/Qwen2.5-VL-7B-Instruct,42,not_empty,next_token,single_cue
B_0076,B,D,D,0,-0.575939416885376,-0.825939416885376,0.562176525592804,0.43782350420951843,-0.5761479735374451,-0.8261479735374451,0.562176525592804,0,1,"{""A"": ""color"", ""B"": ""size"", ""C"": ""orientation"", ""D"": ""position""}",/mnt/tidalfs-hssh01/dataset/xiang/models/Qwen2.5-VL-7B-Instruct,42,not_empty,next_token,single_cue
B_0084,B,STEP,EMPTY,0,-0.3132617473602295,-1.3132617473602295,0.7310584783554077,0.26894140243530273,-0.3164283335208893,-1.316428303718567,0.7310584783554077,0,1,"{""A"": ""size"", ""B"": ""orientation"", ""C"": ""position"", ""D"": ""color""}",/mnt/tidalfs-hssh01/dataset/xiang/models/Qwen2.5-VL-7B-Instruct,42,text_only,next_token,text_only_logic
B_0084,B,A,A,0,-0.4740769863128662,-0.9740769863128662,0.622459352016449,0.3775406777858734,-0.47417017817497253,-0.9741702079772949,0.622459352016449,0,1,"{""A"": ""size"", ""B"": ""orientation"", ""C"": ""position"", ""D"": ""color""}",/mnt/tidalfs-hssh01/dataset/xiang/models/Qwen2.5-VL-7B-Instruct,42,not_empty,next_token,single_cue
B_0084,B,B,B,0,-0.5231232643127441,-0.8981232643127441,0.5926665663719177,0.4073334038257599,-0.5233591198921204,-0.8983591198921204,0.5926665663719177,0,1,"{""A"": ""size"", ""B"": ""orientation"", ""C"": ""position"", ""D"": ""color""}",/mnt/tidalfs-hssh01/dataset/xiang/models/Qwen2.5-VL-7B-Instruct,42,not_empty,next_token,single_cue
B_0084,B,C,C,1,-1.2234445810317993,-0.3484445810317993,0.29421499371528625,0.7057850360870361,-1.2236754894256592,-0.3486754894256592,0.7057850360870361,1,1,"{""A"": ""size"", ""B"": ""orientation"", ""C"": ""position"", ""D"": ""color""}",/mnt/tidalfs-hssh01/dataset/xiang/models/Qwen2.5-VL-7B-Instruct,42,not_empty,next_token,single_cue
B_0084,B,D,D,1,-1.5019290447235107,-0.25192904472351074,0.22270016372203827,0.7772998809814453,-1.502044916152954,-0.2520448565483093,0.7772998809814453,1,1,"{""A"": ""size"", ""B"": ""orientation"", ""C"": ""position"", ""D"": ""color""}",/mnt/tidalfs-hssh01/dataset/xiang/models/Qwen2.5-VL-7B-Instruct,42,not_empty,next_token,single_cue
B_0092,B,STEP,EMPTY,0,-0.3132617473602295,-1.3132617473602295,0.7310584783554077,0.26894140243530273,-0.3164283335208893,-1.316428303718567,0.7310584783554077,0,1,"{""A"": ""orientation"", ""B"": ""position"", ""C"": ""color"", ""D"": ""size""}",/mnt/tidalfs-hssh01/dataset/xiang/models/Qwen2.5-VL-7B-Instruct,42,text_only,next_token,text_only_logic
B_0092,B,A,A,0,-0.42870065569877625,-1.0537006855010986,0.6513548493385315,0.3486451208591461,-0.42883536219596863,-1.053835391998291,0.6513548493385315,0,1,"{""A"": ""orientation"", ""B"": ""position"", ""C"": ""color"", ""D"": ""size""}",/mnt/tidalfs-hssh01/dataset/xiang/models/Qwen2.5-VL-7B-Instruct,42,not_empty,next_token,single_cue
B_0092,B,B,B,0,-0.7575989961624146,-0.6325989961624146,0.4687906503677368,0.531209409236908,-0.7578195929527283,-0.6328195929527283,0.4687906503677368,1,0,"{""A"": ""orientation"", ""B"": ""position"", ""C"": ""color"", ""D"": ""size""}",/mnt/tidalfs-hssh01/dataset/xiang/models/Qwen2.5-VL-7B-Instruct,42,not_empty,next_token,single_cue
B_0092,B,C,C,1,-2.1269280910491943,-0.12692804634571075,0.11920291185379028,0.8807970285415649,-2.1270110607147217,-0.1270110011100769,0.8807970285415649,1,1,"{""A"": ""orientation"", ""B"": ""position"", ""C"": ""color"", ""D"": ""size""}",/mnt/tidalfs-hssh01/dataset/xiang/models/Qwen2.5-VL-7B-Instruct,42,not_empty,next_token,single_cue
B_0092,B,D,D,1,-1.0537006855010986,-0.42870065569877625,0.3486451208591461,0.6513548493385315,-1.0537971258163452,-0.4287971556186676,0.6513548493385315,1,1,"{""A"": ""orientation"", ""B"": ""position"", ""C"": ""color"", ""D"": ""size""}",/mnt/tidalfs-hssh01/dataset/xiang/models/Qwen2.5-VL-7B-Instruct,42,not_empty,next_token,single_cue
B_0100,B,STEP,EMPTY,1,-0.9740769863128662,-0.4740769863128662,0.3775406777858734,0.622459352016449,-0.9771357178688049,-0.47713571786880493,0.622459352016449,1,1,"{""A"": ""position"", ""B"": ""color"", ""C"": ""size"", ""D"": ""orientation""}",/mnt/tidalfs-hssh01/dataset/xiang/models/Qwen2.5-VL-7B-Instruct,42,text_only,next_token,text_only_logic
B_0100,B,A,A,1,-0.6325989961624146,-0.7575989961624146,0.531209409236908,0.4687906503677368,-0.6328067779541016,-0.7578067779541016,0.4687906503677368,0,0,"{""A"": ""position"", ""B"": ""color"", ""C"": ""size"", ""D"": ""orientation""}",/mnt/tidalfs-hssh01/dataset/xiang/models/Qwen2.5-VL-7B-Instruct,42,not_empty,next_token,single_cue
B_0100,B,B,B,0,-0.7575989961624146,-0.6325989961624146,0.4687906503677368,0.531209409236908,-0.7577201724052429,-0.6327201724052429,0.4687906503677368,1,0,"{""A"": ""position"", ""B"": ""color"", ""C"": ""size"", ""D"": ""orientation""}",/mnt/tidalfs-hssh01/dataset/xiang/models/Qwen2.5-VL-7B-Instruct,42,not_empty,next_token,single_cue
B_0100,B,C,C,1,-0.6931471824645996,-0.6931471824645996,0.5,0.5,-0.6932709217071533,-0.6932709217071533,0.5,0,0,"{""A"": ""position"", ""B"": ""color"", ""C"": ""size"", ""D"": ""orientation""}",/mnt/tidalfs-hssh01/dataset/xiang/models/Qwen2.5-VL-7B-Instruct,42,not_empty,next_token,single_cue
B_0100,B,D,D,0,-0.42870065569877625,-1.0537006855010986,0.6513548493385315,0.3486451208591461,-0.42882922291755676,-1.0538291931152344,0.6513548493385315,0,1,"{""A"": ""position"", ""B"": ""color"", ""C"": ""size"", ""D"": ""orientation""}",/mnt/tidalfs-hssh01/dataset/xiang/models/Qwen2.5-VL-7B-Instruct,42,not_empty,next_token,single_cue
B_0108,B,STEP,EMPTY,0,-0.6325989961624146,-0.7575989961624146,0.531209409236908,0.4687906503677368,-0.635221540927887,-0.760221540927887,0.531209409236908,0,1,"{""A"": ""color"", ""B"": ""size"", ""C"": ""orientation"", ""D"": ""position""}",/mnt/tidalfs-hssh01/dataset/xiang/models/Qwen2.5-VL-7B-Instruct,42,text_only,next_token,text_only_logic
B_0108,B,A,A,1,-1.9102240800857544,-0.1602240949869156,0.14804720878601074,0.851952850818634,-1.9102849960327148,-0.16028493642807007,0.851952850818634,1,1,"{""A"": ""color"", ""B"": ""size"", ""C"": ""orientation"", ""D"": ""position""}",/mnt/tidalfs-hssh01/dataset/xiang/models/Qwen2.5-VL-7B-Instruct,42,not_empty,next_token,single_cue
B_0108,B,B,B,1,-1.0537006855010986,-0.42870065569877625,0.3486451208591461,0.6513548493385315,-1.0537875890731812,-0.42878761887550354,0.6513548493385315,1,1,"{""A"": ""color"", ""B"": ""size"", ""C"": ""orientation"", ""D"": ""position""}",/mnt/tidalfs-hssh01/dataset/xiang/models/Qwen2.5-VL-7B-Instruct,42,not_empty,next_token,single_cue
B_0108,B,C,C,0,-0.38687101006507874,-1.1368709802627563,0.6791786551475525,0.3208213150501251,-0.38709476590156555,-1.1370947360992432,0.6791786551475525,0,1,"{""A"": ""color"", ""B"": ""size"", ""C"": ""orientation"", ""D"": ""position""}",/mnt/tidalfs-hssh01/dataset/xiang/models/Qwen2.5-VL-7B-Instruct,42,not_empty,next_token,single_cue
B_0108,B,D,D,0,-0.575939416885376,-0.825939416885376,0.562176525592804,0.43782350420951843,-0.5761479735374451,-0.8261479735374451,0.562176525592804,0,1,"{""A"": ""color"", ""B"": ""size"", ""C"": ""orientation"", ""D"": ""position""}",/mnt/tidalfs-hssh01/dataset/xiang/models/Qwen2.5-VL-7B-Instruct,42,not_empty,next_token,single_cue
B_0116,B,STEP,EMPTY,0,-0.6325989961624146,-0.7575989961624146,0.531209409236908,0.4687906503677368,-0.635221540927887,-0.760221540927887,0.531209409236908,0,1,"{""A"": ""size"", ""B"": ""orientation"", ""C"": ""position"", ""D"": ""color""}",/mnt/tidalfs-hssh01/dataset/xiang/models/Qwen2.5-VL-7B-Instruct,42,text_only,next_token,text_only_logic
B_0116,B,A,A,1,-1.6004126071929932,-0.22541262209415436,0.2018132209777832,0.7981867790222168,-1.6004619598388672,-0.2254619151353836,0.7981867790222168,1,1,"{""A"": ""size"", ""B"": ""orientation"", ""C"": ""position"", ""D"": ""color""}",/mnt/tidalfs-hssh01/dataset/xiang/models/Qwen2.5-VL-7B-Instruct,42,not_empty,next_token,single_cue
B_0116,B,B,B,1,-3.0485873222351074,-0.04858732968568802,0.047425877302885056,0.9525741338729858,-3.048651933670044,-0.04865182563662529,0.9525741338729858,1,1,"{""A"": ""size"", ""B"": ""orientation"", ""C"": ""position"", ""D"": ""color""}",/mnt/tidalfs-hssh01/dataset/xiang/models/Qwen2.5-VL-7B-Instruct,42,not_empty,next_token,single_cue
B_0116,B,C,C,0,-0.8981232643127441,-0.5231232643127441,0.4073334038257599,0.5926665663719177,-0.898395836353302,-0.523395836353302,0.4073334038257599,1,0,"{""A"": ""size"", ""B"": ""orientation"", ""C"": ""position"", ""D"": ""color""}",/mnt/tidalfs-hssh01/dataset/xiang/models/Qwen2.5-VL-7B-Instruct,42,not_empty,next_token,single_cue
B_0116,B,D,D,0,-0.575939416885376,-0.825939416885376,0.562176525592804,0.43782350420951843,-0.5760619044303894,-0.8260619044303894,0.562176525592804,0,1,"{""A"": ""size"", ""B"": ""orientation"", ""C"": ""position"", ""D"": ""color""}",/mnt/tidalfs-hssh01/dataset/xiang/models/Qwen2.5-VL-7B-Instruct,42,not_empty,next_token,single_cue
B_0124,B,STEP,EMPTY,0,-0.3132617473602295,-1.3132617473602295,0.7310584783554077,0.26894140243530273,-0.3164283335208893,-1.316428303718567,0.7310584783554077,0,1,"{""A"": ""orientation"", ""B"": ""position"", ""C"": ""color"", ""D"": ""size""}",/mnt/tidalfs-hssh01/dataset/xiang/models/Qwen2.5-VL-7B-Instruct,42,text_only,next_token,text_only_logic
B_0124,B,A,A,0,-0.42870065569877625,-1.0537006855010986,0.6513548493385315,0.3486451208591461,-0.42883536219596863,-1.053835391998291,0.6513548493385315,0,1,"{""A"": ""orientation"", ""B"": ""position"", ""C"": ""color"", ""D"": ""size""}",/mnt/tidalfs-hssh01/dataset/xiang/models/Qwen2.5-VL-7B-Instruct,42,not_empty,next_token,single_cue
B_0124,B,B,B,0,-0.7575989961624146,-0.6325989961624146,0.4687906503677368,0.531209409236908,-0.7578195929527283,-0.6328195929527283,0.4687906503677368,1,0,"{""A"": ""orientation"", ""B"": ""position"", ""C"": ""color"", ""D"": ""size""}",/mnt/tidalfs-hssh01/dataset/xiang/models/Qwen2.5-VL-7B-Instruct,42,not_empty,next_token,single_cue
B_0124,B,C,C,1,-2.1269280910491943,-0.12692804634571075,0.11920291185379028,0.8807970285415649,-2.1270110607147217,-0.1270110011100769,0.8807970285415649,1,1,"{""A"": ""orientation"", ""B"": ""position"", ""C"": ""color"", ""D"": ""size""}",/mnt/tidalfs-hssh01/dataset/xiang/models/Qwen2.5-VL-7B-Instruct,42,not_empty,next_token,single_cue
B_0124,B,D,D,1,-1.0537006855010986,-0.42870065569877625,0.3486451208591461,0.6513548493385315,-1.0537971258163452,-0.4287971556186676,0.6513548493385315,1,1,"{""A"": ""orientation"", ""B"": ""position"", ""C"": ""color"", ""D"": ""size""}",/mnt/tidalfs-hssh01/dataset/xiang/models/Qwen2.5-VL-7B-Instruct,42,not_empty,next_token,single_cue
